{"Train Loss":0.0935295820236206,"Train Loss Dict/interlevel_loss":3.9863753045210615e-05,"Train Loss Dict/acc_loss":-6.9432853706530295e-06,"Train Rays / Sec":64976.01730588309,"learning_rate/fields":0.0005393439544625745,"Train Metrics Dict/psnr":17.407825469970703,"_step":179,"_timestamp":1.7514620937923803e+09,"_wandb":{"runtime":27},"Vis Rays / Sec":127042.18391260746,"Train Loss Dict/rgb_loss":0.0934966653585434,"GPU Memory (MB)":1668.73193359375,"ETA (time)":6446.227005136014,"Train Iter (time)":0.12938774824142457,"learning_rate/proposal_networks":0.0005393439544625745,"_runtime":27.167477452}