{"_wandb":{"runtime":5323},"Train Rays / Sec":36325.241874405925,"Eval Images/acc":{"width":1370,"height":913,"_type":"image-file","sha256":"bcd89bf8ac2adfedc5849f6a4be8dfbbc43993d0e774412ce465955032741a93","size":210536,"path":"media/images/Eval Images/acc_29500_bcd89bf8ac2adfedc584.png","format":"png"},"Train Iter (time)":0.1131126880645752,"Eval Images/rgb":{"path":"media/images/Eval Images/rgb_29500_52744c6237160decd665.png","format":"png","width":1370,"height":913,"_type":"image-file","sha256":"52744c6237160decd665c3ca7d5aa9d6c2a88b8a2372db0a1323f189eb7f4d2c","size":507875},"learning_rate/fields":1.001228799739423e-05,"Train Loss":0.006591085344552994,"Test Rays / Sec":39732.58299848596,"Eval Images/img":{"format":"png","width":1370,"height":913,"_type":"image-file","sha256":"dfd3f2ae834e933671acaaa8a7cc070eab9d7cdb6c08e099fd778161625916b8","size":2486686,"path":"media/images/Eval Images/img_29500_dfd3f2ae834e933671ac.png"},"Eval Loss Dict/rgb_loss":0.013226315379142761,"GPU Memory (MB)":2580.048828125,"_step":30000,"Train Total (time)":5322.78862118721,"Eval Images Metrics Dict (all images)/psnr":19.906734466552734,"_timestamp":1.7514723501412046e+09,"Eval Images Metrics Dict (all images)/num_rays_per_sec":40052.90625,"Eval Loss":0.013226315379142761,"Eval Images Metrics Dict (all images)/fps":0.032021574676036835,"Train Loss Dict/rgb_loss":0.006591085344552994,"ETA (time)":0.1131126880645752,"Eval Images Metrics/num_rays":1.25081e+06,"_runtime":5323.231306333,"Eval Images Metrics/psnr":18.093290328979492}