{
    "transform": [
        [
            0.9512439370155334,
            0.3072304427623749,
            0.027284594252705574,
            0.10362304747104645
        ],
        [
            0.027284594252705574,
            -0.17193053662776947,
            0.984731137752533,
            -0.021765636280179024
        ],
        [
            0.3072304427623749,
            -0.9359750747680664,
            -0.17193053662776947,
            0.14114832878112793
        ]
    ],
    "scale": 0.22402971292518228
}