{"Train Loss":0.03871513903141022,"GPU Memory (MB)":1669.642578125,"Train Loss Dict/rgb_loss":0.03870996832847595,"Train Loss Dict/interlevel_loss":3.5213508908782387e-06,"Train Rays / Sec":67032.12046482661,"Train Iter (time)":0.12518820762634278,"learning_rate/fields":0.0007597006193760131,"Vis Rays / Sec":147581.35933385591,"_runtime":35.478279392,"_step":255,"Train Loss Dict/acc_loss":1.6485212199768284e-06,"Train Metrics Dict/psnr":20.7115478515625,"_timestamp":1.7514621806350882e+09,"ETA (time)":6227.487388372421,"learning_rate/proposal_networks":0.0007597006193760131,"_wandb":{"runtime":35}}